"id","submitdate","lastpage","startlanguage","seed","startdate","datestamp","ipaddr","refurl","titre","auteurs","destinataire","publication","date","type","type[other]","objet","objet[other]","catchphrase","position","url"
"193","2020-11-15 16:10:58","1","fr","1435301883","2020-11-15 16:09:43","2020-11-15 16:10:58","2a01:e35:2fb8:7850:c14:f55:3c12:6e53","https://enquete.cpesr.fr/index.php/admin/questions/sa/editquestion/surveyid/435945/gid/10/qid/207","Motion des membres de l’Unité Mixte de Recherche PRODIG","UMR Pôle de recherche pour l’organisation et la diffusion de l’information géographique","","","2020-09-08 00:00:00","Motion","","LPPR/LPR Loi de programmation de la recherche (2020)","","Si la loi votée par le Parlement reste en contradiction avec nos demandes, les membres de l’UMR Prodig rejoindront le mouvement de démission collective des responsabilités administratives.","Très défavorable","https://www.prodig.cnrs.fr/spip.php?article2746"
"194","2020-11-15 16:09:11","1","fr","1569686370","2020-11-15 16:01:22","2020-11-15 16:09:11","2a01:e35:2fb8:7850:c14:f55:3c12:6e53","https://enquete.cpesr.fr/index.php/admin/questions/sa/editquestion/surveyid/435945/gid/10/qid/207","Motion de l'IBPC sur la LPPR","IBPC","","","2020-09-08 00:00:00","Motion","","LPPR/LPR Loi de programmation de la recherche (2020)","","Nous demandons ainsi une tout autre LPPR avec : 
  
- la mise en place d’un plan pluriannuel de recrutement sur des postes 
pérennes à toutes les fonctions de l'ESR pour que cessent la précarisation 
et ses nombreux effets délétères sur les collectifs de recherche ; 
  
- l’augmentation des budgets au profit du soutien de base des laboratoires 
pour que la recherche sur projets ne devienne pas le seul mode de 
financement et que puisse continuer à se développer une recherche 
publique de temps long, motivée par la curiosité scientifique, non obérée 
du temps passé à écrire des demandes de financement.","Très défavorable","http://www.ibpc.fr/upload/Contenu/Documents/actualit%C3%A9s/LPPR-motion-IBPC.pdf"
"195","2020-11-15 16:00:22","1","fr","237596512","2020-11-15 15:57:49","2020-11-15 16:00:22","2a01:e35:2fb8:7850:c14:f55:3c12:6e53","https://enquete.cpesr.fr/index.php/admin/questions/sa/editquestion/surveyid/435945/gid/10/qid/207","Motion « Une dégradation continue d’un modèle universitaire qui rayonnait pourtant à travers le monde »","Doctorant∙es de l’Université de Clermont-Ferrand","","Université de Clermont-Ferrand","2020-11-13 00:00:00","Motion","","LPPR/LPR Loi de programmation de la recherche (2020)","","","Très défavorable","https://academia.hypotheses.org/28397"
"196","2020-11-16 14:33:11","1","fr","214864634","2020-11-16 14:31:36","2020-11-16 14:33:11","2a01:e35:2fb8:7850:78b1:950b:b512:485f","https://enquete.cpesr.fr/index.php/admin/survey/sa/view/surveyid/435945","Menaces sur les universités","Jean-Pierre Sueur","","jpsueur.com","2020-11-16 00:00:00","Tribune","","LPPR/LPR Loi de programmation de la recherche (2020)","","Le moins qu’on puisse dire est que le projet de loi sur la recherche, tel qu’il vient d’être adopté par la commission mixte paritaire (CMP) après une lecture dans chaque assemblée est très loin de répondre à l’attente des universitaires.
Le seul espoir sera un recours auprès du Conseil Constitutionnel.
Inutile d’ajouter que je signerai ce recours des deux mains !
Il en va d’une certaine idée de l’Université.","Très défavorable","https://www.jpsueur.com/index.php?option=com_content&view=article&id=12393:menaces-sur-les-universites&catid=51&Itemid=64"
"197","2020-11-15 15:56:26","1","fr","540769566","2020-11-15 15:52:41","2020-11-15 15:56:25","2a01:e35:2fb8:7850:c14:f55:3c12:6e53","https://enquete.cpesr.fr/index.php/admin/questions/sa/editquestion/surveyid/435945/gid/10/qid/207","Motion de la Conférence des Doyens des Factultés d'Economie et de Gestion","CDD-FEG","","","2020-11-06 00:00:00","Motion","","LPPR/LPR Loi de programmation de la recherche (2020)","","","Plutôt défavorable","https://academia.hypotheses.org/tag/economie-et-gestion"
"198","2020-11-15 10:00:00","1","fr","","2020-11-15 09:59:00","2020-11-15 10:00:00","2a01:e35:2fb8:7850:c14:f55:3c12:6e53","https://enquete.cpesr.fr/index.php/admin/survey/sa/view/surveyid/435945","Motion sur le vote de la Commission Mixte Paritaire du 9 novembre 2020 (examen de la LPR)","Section CNU 04 (Science politique)","","","2020-11-13 00:00:00","Motion","","LPPR/LPR Loi de programmation de la recherche (2020)","","Nous refuserons désormais de siéger dans les instances d’évaluation où notre présence est requise en tant que membres du CNU. Nous réaffirmons, comme nous l’avions fait en février 2020, notre désengagement de toutes les procédures impliquant le HCERES.","Très défavorable","http://www.sauvonsluniversite.com/spip.php?article8824"
"199","2020-11-15 09:59:00","1","fr","","2020-11-15 09:58:00","2020-11-15 09:59:00","2a01:e35:2fb8:7850:c14:f55:3c12:6e53","https://enquete.cpesr.fr/index.php/admin/survey/sa/view/surveyid/435945","Motion sur le vote de la Commission Mixte Paritaire du 9 novembre 2020 (examen de la LPR)","Section CNU 02 (droit public)","","","2020-11-12 00:00:00","Motion","","LPPR/LPR Loi de programmation de la recherche (2020)","","La section 02 en signe de profond mécontentement et dans l’attente d’un commencement de dialogue avec Madame la Ministre","Très défavorable","http://www.sauvonsluniversite.com/spip.php?article8824"
"200","2020-11-15 09:57:00","1","fr","","2020-11-15 09:56:00","2020-11-15 09:57:00","2a01:e35:2fb8:7850:c14:f55:3c12:6e53","https://enquete.cpesr.fr/index.php/admin/survey/sa/view/surveyid/435945","Motion sur le vote de la Commission Mixte Paritaire du 9 novembre 2020 (examen de la LPR)","Section CNU 01 (Droit privé et sciences criminelles)","","","2020-11-12 00:00:00","Motion","","LPPR/LPR Loi de programmation de la recherche (2020)","","Demande le rétablissement général des procédures de qualification et le retrait immédiat de l’article 3bis du projet de loi dans sa rédaction issue de la Commission mixte paritaire du 9 novembre 2020.","Très défavorable","http://www.sauvonsluniversite.com/spip.php?article8824"
"201","2020-11-15 09:54:00","1","fr","","2020-11-15 09:52:00","2020-11-15 09:54:00","2a01:e35:2fb8:7850:c14:f55:3c12:6e53","https://enquete.cpesr.fr/index.php/admin/survey/sa/view/surveyid/435945","Frédérique Vidal ne dispose plus de la légitimité nécessaire pour agir en faveur de l’université","La Conférence permanente du Conseil national des universités (CP-CNU)","","Libération","2020-11-08 00:00:00","Tribune","","LPPR/LPR Loi de programmation de la recherche (2020)","","C’est pourquoi, monsieur le Président de la République, nous vous posons la question de la pertinence du maintien en fonction de Mme. la ministre dans la mesure où toute communication semble rompue entre elle et la communauté des enseignants-chercheurs.","Très défavorable","https://www.liberation.fr/amphtml/debats/2020/11/08/frederique-vidal-ne-dispose-plus-de-la-legitimite-necessaire-pour-agir-en-faveur-de-l-universite_1804958"
"202","2020-11-14 21:55:00","1","fr","","2020-11-14 21:53:00","2020-11-14 21:55:00","90.43.181.228","https://cpesr.fr/referencement-de-tribunes-et-motions/","Motion du département des arts du spectacle–le mercredi 29 janvier 2020.","Département des Arts du spectacle - Université Rennes 2","","Université Rennes 2","2020-01-29 00:00:00","Motion","","LPPR/LPR Loi de programmation de la recherche (2020)","","Nous déplorons enfin la conception étroite, utilitariste et court-termiste du savoir et de la science qui plombe l’ensemble  de  ces  rapports,  risquant  de  conduire  à la  raréfaction,  voire à l’abandon  de l’enseignement  et  de  la  recherche  dans des disciplines  ou  domaines aussi  fondamentaux  que les Sciences Humaines et les Arts","Très défavorable","https://intranet.univ-rennes2.fr/system/files/UHB/UFR-ALC/motion_du_departement_des_arts_du_spectacle.pdf"
"203","2020-11-15 16:39:00","1","fr","1000093248","2020-11-15 16:37:21","2020-11-15 16:39:00","2a01:e35:2fb8:7850:c14:f55:3c12:6e53","https://enquete.cpesr.fr/index.php/admin/survey/sa/view/surveyid/435945","Entre instance nationale et universités autonomes, le pari de la confiance","Frédérique Vidal","","Le Monde","2020-11-12 00:00:00","Tribune","","LPPR/LPR Loi de programmation de la recherche (2020)","","Nous la devons aux maîtres de conférences qui font vivre nos universités. Je ne doute pas que le bureau de la CP-CNU saura se ressaisir et se rappeler que le cœur de sa mission n’est pas de se substituer au législateur et aux corps intermédiaires, mais bien de participer, dans le cadre des politiques publiques de l’Etat, à la qualité du recrutement et au suivi de carrière des enseignants-chercheurs.

Ma porte est ouverte.","Très favorable","https://www.lemonde.fr/idees/article/2020/11/12/frederique-vidal-entre-instance-nationale-et-universites-autonomes-le-pari-de-la-confiance_6059511_3232.html"
"204","2020-11-15 16:48:56","1","fr","1379213090","2020-11-15 16:46:27","2020-11-15 16:48:56","2a01:e35:2fb8:7850:c14:f55:3c12:6e53","https://enquete.cpesr.fr/index.php/admin/survey/sa/view/surveyid/435945","Suspendons la loi de programmation de la recherche : notre société exige beaucoup mieux !","Facs et labos en lutte / RogueESR / Sauvons l'Université / Université Ouverte","","","2020-10-22 00:00:00","Pétition","","LPPR/LPR Loi de programmation de la recherche (2020)","","Sans recherche, notre société n’a pas d’avenir. Non seulement la loi de programmation de la recherche (LPR) en cours d’examen au Parlement repose sur un budget insincère, mais elle accélère la précarisation des jeunes chercheur·ses et aggrave les inégalités territoriales, au risque de créer des déserts scientifiques. Par cette pétition, nous appelons le Sénat et le Conseil constitutionnel à suspendre le processus législatif jusqu’à la production d’un nouveau texte répondant aux attentes de notre société.","Très défavorable","https://loirecherche.wesign.it/fr"
"205","2020-11-16 08:09:14","1","fr","753558877","2020-11-16 08:00:53","2020-11-16 08:09:14","77.198.245.51","https://cpesr.fr/referencement-de-tribunes-motions-et-petitions/","Motion du conseil d'administration de l'université de Tours contre la LPPR","Conseil d'administration de l'université de Tours","","Université de Tours","2020-06-15 00:00:00","Motion","","LPPR/LPR Loi de programmation de la recherche (2020)","","« Le conseil d’administration de l’université de Tours, ce 15 juin 2020, confirme son analyse du 2 mars : la loi de programmation pluriannuelle relative à “la Recherche” (LPPR) dont le texte a été diffusé le 6 juin, aurait des impacts très négatifs sur l’ensemble de l’Université, ses missions, son organisation, comme les conditions d'emploi et de rémunération de ses personnels.","Très défavorable","https://www.univ-tours.fr/medias/fichier/de-libe-ration-n-2020-33-approuvant-le-compte-rendu-du-ca-du-15-juin-2020_1594974167641-pdf?ID_FICHE=14412&INLINE=TRUE"
"206","2020-11-16 08:23:46","1","fr","1613223881","2020-11-16 08:22:20","2020-11-16 08:23:46","77.198.245.51","https://cpesr.fr/referencement-de-tribunes-motions-et-petitions/","Sauver le Conseil national des universités pour préserver l’autonomie des universitaires","Frédéric Sawicki et Olivier Nay","","AOC","2020-11-16 00:00:00","Tribune","","LPPR/LPR Loi de programmation de la recherche (2020)","","Adoptée le 9 novembre en Commission mixte paritaire, la Loi de programmation de la recherche (LPR) aborde la dernière ligne droit de son parcours législatif. Parmi ses dispositions, l’article 3 prévoit de restreindre la procédure de qualification par le Conseil national des universités, et d’autoriser donc les recrutements hors-CNU. L’objectif affiché est de favoriser l’apparition d’universités plus autonomes, libres et responsables. Dans la réalité, elle risque de démanteler le statut national des enseignants-chercheur, et donc d’attenter à l’autonomie et à l’exigence de la recherche.","Très défavorable","https://aoc.media/opinion/2020/11/15/sauver-le-conseil-national-des-universites-pour-preserver-lautonomie-des-universitaires"
"207","2020-11-16 15:44:51","1","fr","1159344164","2020-11-16 15:38:30","2020-11-16 15:44:51","134.59.47.253","https://cpesr.fr/referencement-de-tribunes-motions-et-petitions/","Motion relative à la LPR de la Faculté de droit et science politique de Nice (EUR LexSociété Université Côte d'Azur)","Enseignants-chercheurs de la Faculté de droit et science politique de Nice (EUR LexSociété Université Côte d'Azur)","","Université Côte d'Azur","2020-11-16 00:00:00","Motion","","LPPR/LPR Loi de programmation de la recherche (2020)","","","Très défavorable","http://unice.fr/faculte-de-droit-et-science-politique"
"208","2020-11-16 10:11:00","1","fr","","2020-11-16 10:07:00","2020-11-16 10:11:00","92.118.13.73","https://cpesr.fr/referencement-de-tribunes-motions-et-petitions/","Il faut défendre le Conseil national des universités","Quarante doyens et présidents de section","","Journal du dimanche","2020-11-14 00:00:00","Tribune","","LPPR/LPR Loi de programmation de la recherche (2020)","","La disparition programmée du Conseil national des universités heurte frontalement des principes fondamentaux de notre République, celui de la promotion au mérite, de l'unité et de l'indivisibilité du statut des enseignants-chercheurs, et de l'équivalence des recrutements des universitaires au sein de la République. C'est une évolution désastreuse, qui ouvre la voie à des recrutements et à des promotions motivés par des préoccupations éloignées des mérites scientifiques et académiques qui, seuls, devraient en principe animer l'accès aux corps des enseignants-chercheurs, que garantit l'existence d'une instance nationale, indépendante et impartiale. Le primat du localisme sur les mérites individuels est ainsi consolidé. 
Certes, le fonctionnement du CNU n'est pas à l'abri de la critique. Mais sa suppression brutale ne peut en aucun cas être considérée comme la solution aux difficultés qu'il rencontre.","Très défavorable","https://www.lejdd.fr/Societe/Education/tribune-il-faut-defendre-le-conseil-national-des-universites-4005651"
"209","2020-11-16 15:25:45","1","fr","830432074","2020-11-16 15:23:36","2020-11-16 15:25:45","176.158.145.88","https://cpesr.fr/referencement-de-tribunes-motions-et-petitions/","Motion de la section CNU 25 du 16 novembre 2020","Section CNU 25","","","2020-11-16 00:00:00","Motion","","LPPR/LPR Loi de programmation de la recherche (2020)","","La section CNU 25 se réserve la possibilité de retenir ses avis voire de suspendre l'intégralité de son activité sans évolution rapide de la situation actuelle et ré-affirmation positive des prérogatives de gestion des corps d'Etat qui sont les siennes.","Très défavorable","http://cnu25.emath.fr/Motion-CNU25-161120.pdf"
"210","2020-11-16 16:29:36","1","fr","613235319","2020-11-16 16:27:42","2020-11-16 16:29:36","2a01:e35:2fb8:7850:78b1:950b:b512:485f","https://cpesr.fr/","Non à la suppression de la qualification par le CNU","Sylvie BAUER","","","2020-10-29 00:00:00","Pétition","","LPPR/LPR Loi de programmation de la recherche (2020)","","À travers la qualification, nous défendons l’existence d’un statut national d’enseignant-chercheur, indispensable à la garantie d’un service public d’enseignement supérieur d’égale qualité sur l’ensemble du territoire. Les signataires appellent instamment la Commission mixte paritaire du Sénat et de l’Assemblée nationale à supprimer cet amendement et à revenir d’urgence sur une décision inconsidérée, prise sans concertation aucune avec les instances représentatives telles que le CNU et le CNESER, qui met gravement en péril le statut national et le caractère équitable de la gestion des carrières des enseignants-chercheurs.","Très défavorable","https://www.change.org/p/enseignants-chercheurs-non-%C3%A0-la-suppression-de-la-qualification-par-le-cnu"
"211","2020-11-16 17:27:07","1","fr","1432453127","2020-11-16 17:24:42","2020-11-16 17:27:07","2a01:e0a:4df:10f0:5198:e420:91a0:1ee","","Motion CNU section 03","Section 03 CNU","","","2020-11-13 00:00:00","Motion","","LPPR/LPR Loi de programmation de la recherche (2020)","","","Très défavorable","https://www.conseil-national-des-universites.fr/cnu/#/entite/entiteName/CNU/idChild/0"
"212","2020-11-16 17:39:10","1","fr","1525398108","2020-11-16 17:35:41","2020-11-16 17:39:10","78.192.128.172","","Motion du Conseil d’UFR Droit, Sciences économiques et de gestion de Le Mans Université 16 novembre 2020","Conseil d’UFR Droit, Sciences économiques et de gestion de  Le Mans Université ","","Université Le Mans","2020-11-16 00:00:00","Motion","","LPPR/LPR Loi de programmation de la recherche (2020)","","Chers enseignants-chercheurs, chers jeunes chercheurs, chers étudiants en droit,

A l'initiative du domaine Droit (Le Mans - Laval), le Conseil de l'UFR Droit, Sciences économiques et de gestion vient d'adopter à une grande majorité la motion suivante demandant un report du vote définitif de la Loi de Programmation Pluriannuelle de la Recherche (LPPR) aux fins de concertation et d'amélioration. Un grand merci, à chacun d'entre vous, pour votre mobilisation.

Le Conseil d’UFR exprime, tout d’abord, sa désapprobation devant le passage en force de la loi de programmation pluriannuelle de la recherche (LPPR), sans aucun dialogue avec la communauté universitaire dans son ensemble qui assure depuis des mois un travail considérable pour maintenir un service public de qualité auprès des étudiants privés d’amphithéâtres ; il demande le rétablissement immédiat d’un dialogue entre la communauté universitaire, les institutions représentatives et le Ministère de l’enseignement supérieur, de la recherche et de l’innovation.

Le Conseil d’UFR exprime, ensuite, sa ferme opposition à plusieurs des dispositions de la LPPR, notamment celles concernant les modes de financement et de recrutement annoncés qui fragilisent définitivement la recherche et les formations, accentuent les inégalités territoriales et compromettent l'avenir de nos jeunes chercheurs et de nos étudiants ; il demande un report du vote définitif de la loi aux fins de concertation et d'amélioration.

Le Conseil d’UFR rappelle enfin que les libertés académiques et le droit pour chacun d'étudier sont garants de toute démocratie ; il demande une loi respectant et portant haut l'indépendance et les valeurs fondamentales de l'Université française.  

 A la présidence de l'Université du Mans, le Conseil d’UFR demande de prendre position en faveur de la suspension immédiate de la procédure parlementaire de la LPPR pour l’avenir de la recherche et des enseignements, pour l’avenir de ses jeunes chercheurs et de ses étudiants.

Au nom du domaine Droit pour l'avenir de la recherche et de l'enseignement, des jeunes chercheurs et des étudiants","Très défavorable","https://twitter.com/CelineBeguinF/status/1328339035098652673"
"213","2020-11-16 17:49:39","1","fr","1487888971","2020-11-16 17:45:46","2020-11-16 17:49:39","2a01:e35:2fb8:7850:78b1:950b:b512:485f","","La possibilité d'expérimentation pour le recrutement des enseignants-chercheurs est une opportunité à saisir","Udice","","","2020-11-16 00:00:00","Motion","","LPPR/LPR Loi de programmation de la recherche (2020)","","L'obligation de la qualification pour postuler à un emploi de maître de conférence ou de professeur envoie un message de défiance vis-à-vis du diplôme nation de doctorat et de celui de l'habilitation à diriger les recherche dont nous promouvons la valeur et la pertinence pour l'emploi scientifique comme pour le recrutement par les entreprises et la haute fonction publique. ","Très favorable","https://twitter.com/UdiceGroup/status/1328244368285847555"
"214","2020-11-16 21:10:40","1","fr","1065198223","2020-11-16 21:08:55","2020-11-16 21:10:40","2a01:e35:2f82:2030:c5ab:d7b8:6110:83b","","""LPPR : Macron criminalise la contestation étudiante et écrase la jeunesse""","Damien Maudet","","L'Insoumission","2020-11-16 00:00:00","Tribune","","LPPR/LPR Loi de programmation de la recherche (2020)","","""Mardi 17 novembre, l’Assemblée nationale vote la loi de programmation pluriannuelle de la recherche (LPPR) pour les années 2021 à 2030. A l’abri du débat parlementaire, les sénateurs et députés ont introduit un amendement qui criminalise les luttes sociales étudiantes. Cela s’inscrit dans un tournant autoritaire et une politique faite contre les étudiants et plus généralement contre la jeunesse.""","Très défavorable","https://linsoumission.fr/2020/11/16/lprr-macron-criminalise-la-contestation-etudiante-et-ecrase-la-jeunesse/"
"215","2020-11-16 21:21:14","1","fr","1765851474","2020-11-16 21:12:26","2020-11-16 21:21:14","2a01:e35:2f82:2030:c5ab:d7b8:6110:83b","","Pétition ""NON à l’interdiction de manifester dans les universités !""","L’Alternative (Union syndicale et associative étudiante)","Frédérique Vidal","","2020-11-14 00:00:00","Pétition","","LPPR/LPR Loi de programmation de la recherche (2020)","","""(...) Nous, étudiant·e·s, professeur·e·s, personnel·le·s de l’ESR, élu·e·s, citoyen·ne·s, nous nous opposons à une énième dérive autoritaire dans l’enseignement supérieur qui est la représentation même des actions du gouvernement et de sa vision de la société. Nous exigeons la suppression de cette disposition et continuons à réclamer le retrait de la LPR.""","Très défavorable","https://www.change.org/p/fr%C3%A9d%C3%A9rique-vidal-ministre-de-l-enseignement-sup%C3%A9rieur-de-la-recherche-et-de-l-innovation-non-%C3%A0-l-interdiction-de-manifester-dans-les-universit%C3%A9s"
"216","2020-11-16 23:54:00","1","fr","","2020-11-16 23:50:00","2020-11-16 23:54:00","2a01:cb04:491:eb00:6938:40a8:af1c:c94c","","lettres aux parlementaires","CA de l'AFEA Association Française d'ethnologie et d'anthropologie","députés et sénateurs","","2020-11-16 00:00:00","Lettre","","LPPR/LPR Loi de programmation de la recherche (2020)","","Nous, anthropologues et ethnologues, maintenons notre opposition ferme à la loi de programmation de la recherche aujourd'hui proche de l'adoption définitive. 

Nous condamnons l'introduction de dernière minute de plusieurs amendements, notamment la décision de supprimer le rôle des sections du Conseil National des Universités dans les qualifications alors qu'elles garantissent le traitement national des statuts et des concours des enseignants-chercheurs et enseignantes-chercheuses. 
","Très défavorable"," https://hebdo.framapad.org/p/texte-anthropo-ethno-cnu-et-lpr-9k28?lang=fr "
"217","2020-11-17 01:34:00","1","fr","","2020-11-17 01:29:00","2020-11-17 01:34:00","89.156.12.207","","Les directions de laboratoires contre la LPR","Assemblée des directions de laboratoires","Les parlementaires de la République française","Site web de l'Assemblée des directions de laboratoires","2020-11-16 00:00:00","Lettre","","LPPR/LPR Loi de programmation de la recherche (2020)","","Madame la ministre de l'Enseignement Supérieur, de la Recherche et de l'Innovation aime à rappeler que cette loi a reçu des avis positifs en passant sous silence les conditions dans lesquelles ceux-ci ont été obtenus et les avis négatifs exprimés par tant d'autres : Conseil économique, social et environnemental, Comité national de la recherche scientifique, Comité d'éthique du CNRS, Haut conseil à l'Egalité entre les femmes et les hommes, Sociétés savantes, Commission permanente du Conseil national des universités, etc.

Cette loi a ainsi été élaborée en contrevenant au Code de la recherche qui prévoit que ""les choix en matière de programmation et d’orientation des actions de recherche sont arrêtés après une concertation étroite avec la communauté scientifique"" (article L111-6).

Nous espérons pouvoir compter sur votre soutien pour rejeter ce texte au nom des principes de notre République et de la défense de la recherche et de l’enseignement supérieur comme biens communs essentiels au bon fonctionnement de notre société.","Très défavorable","https://adl.frama.site/blog/les-directions-de-laboratoires-contre-la-lpr"
"218","2020-11-17 07:45:06","1","fr","828572389","2020-11-17 07:42:59","2020-11-17 07:45:06","2001:861:3cc2:d110:501f:3dae:1d6d:7c7c","","Motion de la section 27 du CNU du 16 novembre 2020","Section 27 du CNU","","","2020-11-16 00:00:00","Motion","","LPPR/LPR Loi de programmation de la recherche (2020)","","","Très défavorable","https://cnu27.univ-lille.fr/motions/cnu27-motion-20201116-lpr.pdf"
"219","2020-11-17 10:23:24","1","fr","1573989033","2020-11-17 10:20:40","2020-11-17 10:23:24","2a01:e35:2fb8:7850:9050:6dc7:cd46:4dec","https://enquete.cpesr.fr/index.php/admin/survey/sa/view/surveyid/435945","Entretien avec Madame Frédérique Vidal, les Présidents des sections du Groupe 1 du CNU et le Président de la conférence des doyens des facultés de droit et de science politique ","CNU Groupe 1 et Conférence des doyens des facultés de droit et de science politique ","Président de la République et Premier Ministre","","2020-11-16 00:00:00","Lettre","","LPPR/LPR Loi de programmation de la recherche (2020)","","Nous ne pouvons nous satisfaire de l’absence de réponse. L’issue de la réunion n’est pas à la hauteur
du message délivré par notre communauté qui réclame l’abandon pur et simple des possibilités
ouvertes par l’article 3 bis et non son seul redressement par la voie réglementaire. Du fait de la
posture de madame Frédérique Vidal, la situation est bloquée.
Nous demandons donc votre intervention. ","Très défavorable","https://academia.hypotheses.org/28578"
"220","2020-11-17 12:41:43","1","fr","1943838500","2020-11-17 12:27:31","2020-11-17 12:41:43","2a01:cb08:16b:4b00:481:2e26:da73:9e34","","Motion de la section 71 (Sciences de l’information et de la communication) du Conseil National des Universités votée le 16 novembre 2020","Section CNU 71","","Paris","2020-11-17 00:00:00","Motion","","LPPR/LPR Loi de programmation de la recherche (2020)","","Les membres de la 71ème section du CNU, tiennent à exprimer leur profonde indignation au
sujet des manoeuvres législatives survenues lors de l’examen parlementaire de la Loi de
Programmation sur la Recherche (LPR) que le gouvernement, sa majorité parlementaire
LREM, et les partis politiques de droite, ont décidé d’imposer à la communauté universitaire
contre l’avis majoritaire et transpartisan de celle-ci. Les mensonges et les dissimulations de la
ministre de l’enseignement supérieur se sont multipliés depuis un an pour aboutir à des
modifications décisives dans le mode de recrutement des universitaires qui n’avaient jamais
fait l’objet de consultation et d’annonce officielle, et dans la remise en cause des franchises
universitaires.","Très défavorable","http://igorbabou.fr/motion-de-la-section-71-sciences-de-linformation-et-de-la-communication-du-conseil-national-des-universites-votee-le-16-novembre-2020/"
"221","2020-11-17 08:56:40","1","fr","1463344469","2020-11-17 08:54:49","2020-11-17 08:56:40","2a01:cb19:888e:b00:3d58:6da:f63e:6eaa","","Motion votée au conseil de laboratoire de l'Institut de Mathématiques de Toulouse","Conseil de laboratoire de  l'Institut de Mathématiques de Toulouse","","Université Toulouse 3 - Paul Sabatier","2020-11-16 00:00:00","Motion","","LPPR/LPR Loi de programmation de la recherche (2020)","","Le conseil de laboratoire de l’Institut de Mathématiques de Toulouse réuni le lundi 16 novembre 2020 rappelle « sa profonde opposition au projet de loi de programmation pluriannuelle de la recherche » exprimée par une motion votée le 6 juillet 2020. Il constate que ses inquiétudes et recommandations ne sont pas prises en compte dans la version actuelle du texte sorti de la Commission Mixte Paritaire (CMP). Au contraire, de nouvelles dispositions introduites par le sénat et aggravées par la CMP exacerbent son opposition à ce projet de loi.
Le conseil de laboratoire s’associe ainsi aux motions votées par les CNU 1 à 4, de droit et sciences politiques et par le CNU 25 et 26 en mathématiques.","Très défavorable","https://www.math.univ-toulouse.fr/spip.php?article1044"
"222","2020-11-17 12:53:00","0","fr","","2020-11-17 10:12:00","2020-11-17 10:19:00","90.90.95.55","","Motion d'enseignants-chercheurs de la faculté Droit-Economie-Gestion de l'Université Paris-Saclay","Enseignants-chercheurs des sections 01 à 06 de la faculté Droit-Economie-Gestion de l'Université Paris-Saclay","","","2020-11-16 00:00:00","Motion","","LPPR/LPR Loi de programmation de la recherche (2020)","","Déclaration de soutien aux motions des sections 01 à 06 du CNU dénonçant tant le fond que la méthode adoptée pour l'élaboration du projet de LPR.
Demande de retrait immédiat des articles 3bis et 20AA du projet de loi qui organisent la suppression de la procédure de qualification nationale par le CNU et instituent un nouveau délit de trouble à la tranquillité et d'atteinte au bon ordre des établissements.","Très défavorable",""
"223","2020-11-17 10:20:33","1","fr","766568748","2020-11-17 10:17:12","2020-11-17 10:20:33","2a01:e35:2fb8:7850:9050:6dc7:cd46:4dec","https://enquete.cpesr.fr/index.php/admin/survey/sa/view/surveyid/435945","Communiqué du CNU","CNU","","","2020-11-16 00:00:00","Motion","","LPPR/LPR Loi de programmation de la recherche (2020)","","Les sections du CNU, dont les présidentes et présidents se sont réuni.e.s lundi 16 novembre
demandent le retrait de l’article 3 bis assorti du lancement d’une concertation sur les
procédures de recrutement des enseignants-chercheurs.
Dans l’attente de ce retrait, les sections du CNU suspendent leurs activités ce jour et jusqu’à
nouvel ordre.","Très défavorable","https://academia.hypotheses.org/28591"
"224","2020-11-17 10:25:59","1","fr","1152508426","2020-11-17 10:24:21","2020-11-17 10:25:59","2a01:e35:2fb8:7850:9050:6dc7:cd46:4dec","https://enquete.cpesr.fr/index.php/admin/survey/sa/view/surveyid/435945","Demande de rendez-vous en urgence au sujet du vote de la loi de programmation de la recherche par l’assemblée nationale mardi 17/11/20","Intersyndicale","Premier Ministre","","2020-11-16 00:00:00","Lettre","","LPPR/LPR Loi de programmation de la recherche (2020)","","Au-delà des désaccords profonds sur lesquels l'ensemble des organisations syndicales se sont déjà
largement exprimées, nous vous alertons tout particulièrement sur deux amendements très
problématiques introduits lors de son passage au Sénat et validés par la Ministre de l’enseignement
supérieur, de la recherche et de l’innovation Frédérique Vidal, sans que leurs objets n’aient été
intégrés dans les différentes consultations préalables avec les organisations syndicales et
professionnelles et n’aient fait l’objet de débats.","Très défavorable","https://f-origin.hypotheses.org/wp-content/blogs.dir/793/files/2020/11/courrier_commun_demande_rdv_LPR-1.pdf"
"225","2020-11-17 10:48:33","1","fr","199678173","2020-11-17 10:44:33","2020-11-17 10:48:33","2a01:e0a:f8:faa0:5170:434b:cf26:92a9","","Motion de la section 71 du CNU (Sciences de l'Information et de la Communication)","CNU 71","","","2020-11-16 00:00:00","Motion","","LPPR/LPR Loi de programmation de la recherche (2020)","","La section #CNU71, indignée par les réformes sur le recrutement académique prises par amendement, sans concertation, avec mensonges publics de la ministre de l'enseignement supérieur, dans le cadre de la Loi de Programmation de la Recherche, a adopté la mention qui suit. ","Très défavorable","https://twitter.com/ArnauddMercier/status/1328607086629023744"
"226","2020-11-17 11:28:00","1","fr","","2020-11-17 11:26:00","2020-11-17 11:28:00","2a01:e35:2fb8:7850:9050:6dc7:cd46:4dec","https://enquete.cpesr.fr/index.php/admin/survey/sa/view/surveyid/435945","Vers l’adoption du projet de loi de programmation de la Recherche","Conférence des présidents d'université (CPU)","","","2020-11-17 00:00:00","Communiqué","","LPPR/LPR Loi de programmation de la recherche (2020)","","La loi en passe d’être votée par les deux assemblées est loin de répondre à toutes les attentes de la communauté universitaire ; elle suscite même un rejet de la part de certains. Au-delà de divergences naturelles, voire inévitables, elle peut constituer un socle permettant pour partie d’assurer l’avenir de l’ESR, par les moyens nouveaux qu’elle mobilise dans la durée et les réformes qu’elle introduit dans l’organisation et le fonctionnement de la recherche en France.

Le sujet est suffisamment important pour que le temps de l’échange des arguments, et de l’écoute mutuelle soit pris avant toute mise en œuvre. Aussi la CPU demande-t-elle qu’un débat approfondi puisse avoir lieu au sein de la communauté, afin d’éclairer la concertation prévue par la loi, avant la publication du décret, et à laquelle la CPU, qui y est associée, entend participer activement.

","Plutôt favorable","http://www.cpu.fr/actualite/vers-ladoption-du-projet-de-loi-de-programmation-de-la-recherche/"
"227","2020-11-17 12:10:18","1","fr","1843592266","2020-11-17 12:05:29","2020-11-17 12:10:18","2a01:cb18:856:1c00:954b:dbbf:859e:9b65","","Motion de la Faculté de droit et des sciences sociales de Poitiers","Assemblée générale des enseignants-chercheurs et des doctorants","","Université de Poitiers","2020-11-16 00:00:00","Motion","","LPPR/LPR Loi de programmation de la recherche (2020)","","L’Assemblée générale de la Faculté de droit et des sciences sociales de l’Université de Poitiers décide d’apporter son soutien à l’ensemble des initiatives, locales et nationales, visant à contester la loi avant son adoption.","Très défavorable","https://droit.univ-poitiers.fr/"
"228","2020-11-17 13:07:20","1","fr","452591384","2020-11-17 13:05:01","2020-11-17 13:07:20","2a01:cb19:8684:300:7073:3e9a:d1a2:c7d8","","Motion de la 29e Section (Constituants élémentaires) du CNU sur la LPR","Pierre Pujol (président de la section 29 du CNU)","","","2020-11-17 00:00:00","Motion","","LPPR/LPR Loi de programmation de la recherche (2020)","","La section 29 du CNU dénonce tant sur le fond que sur la forme l’amendement de la LPR qui criminalise la contestation dans les universités, ainsi que celui qui supprime la procédure de qualification par le CNU aux fonctions de PR, et la rend optionnelle pour les MCF.","Très défavorable","https://www.dropbox.com/s/lh95z6eyfsv84q6/Motion_LPR.pdf?dl=0"
"229","2020-11-17 13:43:22","1","fr","1065050247","2020-11-17 13:38:49","2020-11-17 13:43:22","89.156.154.254","","Motion relative à la LPR de la Faculté Droit et science politique de Reims","Conseil de gestion de la Faculté DSP de Reims","","","2020-11-17 00:00:00","Motion","","LPPR/LPR Loi de programmation de la recherche (2020)","","","Très défavorable","www.univ-reims.fr/ufrdroit/"
"230","2020-11-17 16:35:36","1","fr","639596574","2020-11-17 16:33:09","2020-11-17 16:35:36","176.159.124.217","","LPR : motion du conseil d'établissement du 17/11/20","Conseil d'Établissement de CY Cergy Paris Université","","CY Cergy Paris Université","2020-11-17 00:00:00","Motion","","LPPR/LPR Loi de programmation de la recherche (2020)","","Depuis le début, la LPPR, devenue LPR, est une loi de programmation faite de contrastes, soufflant le chaud et le froid sur des sujets variés.

Les échanges dans les instances et au sein du conseil des directeurs de laboratoire montrent la diversité des pratiques et des besoins.
Une constante néanmoins en ressort : mieux rémunérer les carrières, mieux rémunérer les doctorants, accroître la dotation de base des laboratoires et consolider la recherche à long terme. Au-delà, veiller à ce que des dispositifs qui sont utiles à certains ne viennent pas fragiliser les autres (comme les CDI de chantier ou les chaires junior), veiller à la tradition des disciplines, sans que celle de l’une ne s’impose à l’autre, dans un sens ou dans un autre.

Si on peut saluer la signature par les syndicats d'un protocole majoritaire sur les carrières, si des avancées (incomplètes) ont été réalisées sur le calendrier budgétaire de cette loi afin que personnels et établissements en bénéficient plus rapidement, les derniers échanges au Sénat ont confirmé le caractère paradoxal de cette loi où des chiffons rouges inutiles viennent régulièrement ruiner les efforts concédés par ailleurs.

Ainsi, le Sénat avait notamment introduit une mention aux libertés académiques qui seraient soumises aux valeurs définies par la République, selon une formulation tendancieuse qui mettait potentiellement gravement en danger la liberté de recherche. Cette mention a toutefois été corrigée en commission mixte paritaire (CMP) le 9 novembre dernier.

Par ailleurs, le Sénat a introduit, sans aucune concertation, sans aucun débat, une expérimentation sur les recrutements de MCF et de PR permettant de déroger dans certaines conditions à la qualification par le CNU. Cet amendement a été adopté en CMP le 9 novembre dernier, le texte de loi arrêtant le principe d’une suppression de la qualification et renvoyant la balle au Conseil d’Etat pour en fixer le cadre, après consultation nationale.

Si, à nouveau, nos pratiques en matière de recrutement et de qualification sont différentes d’une discipline à l’autre (certaines sections CNU qualifient 15% des dossiers quand d’autres en qualifient 85%), toute modification des conditions de recrutement ne saurait être mise en œuvre sans le temps nécessaire du débat au sein de la communauté universitaire nationale. Introduire en bout de course un amendement de cette nature n’est tout simplement pas acceptable.

A partir de ces éléments, et suite à un débat en conseil d’établissement du 17 novembre 2020, la motion suivante est adoptée à l’unanimité :

Le Conseil d’établissement proteste vigoureusement contre les conditions du débat autour de la Loi de Programmation de la Recherche. Il se prononce contre les derniers amendements de la CMP en absence de tout débat.","Plutôt défavorable","https://www.u-cergy.fr/fr/index.html"
"231","2020-11-17 19:29:44","1","fr","87734562","2020-11-17 19:16:35","2020-11-17 19:29:44","90.90.95.55","","Motion d'EC de la faculté DEG de l'université Paris-Saclay dénonçant la LPR","Enseignants-chercheurs des sections 01 à 05 de la faculté DEG de l'université Paris-Saclay","","Université Paris-Saclay, faculté Jean Monnet DEG, centre de recherche Droit et sciences religieuses (DSR)","2020-11-16 00:00:00","Motion","","LPPR/LPR Loi de programmation de la recherche (2020)","","Motion d'enseignants-chercheurs des sections 01 à 05 de la faculté Droit-Economie-Gestion de l'université Paris-Saclay soutenant les motions prises par les sections 01 à 05 du CNU contre le projet de LPR et réclamant le retrait immédiat des articles 3bis (supprimant ou dérogeant à la procédure de qualification nationale devant le CNU pour le recrutement des EC) et 20AA (nouveau délit de ""trouble à la tranquillité et d'atteinte au bon ordre des établissements"").","Très défavorable","http://www.dsr.universite-paris-saclay.fr/wp-content/uploads/2020/11/Motion-des-EC-de-la-Faculte-Jean-Monnet.pdf"
"232","2020-11-18 09:02:00","1","fr","","2020-11-18 08:59:00","2020-11-18 09:02:00","2a01:e35:2fb8:7850:9050:6dc7:cd46:4dec","","Demande de positionnement face à la LPPR en vue des élections locales","Cabinet du doyen de la Faculté de Droit, de Sciences  Politiques et de Gestion","Michel Deneken","Université de Strasbourg","2020-11-17 00:00:00","Lettre","","LPPR/LPR Loi de programmation de la recherche (2020)","","Au regard de ces enjeux et de la forte opposition à l’encontre de la LPR dans tout le pays, il serait important  de  connaître  votre  avis,  ainsi  que  celui  des  listes  qui  vous  soutiennent.  Cette information  influencera,  à  n’en  point  douter,  le  choix  de  nombreux  membres  de  notre communauté universitaire dans la perspective prochaine des élections des conseils centraux. ","Très défavorable","http://alternative2017.eu/wp-content/uploads/2020/11/DENEKEN-Michel_17nov20_146-1.pdf"
"233","2020-11-18 09:34:01","1","fr","345486479","2020-11-18 09:32:36","2020-11-18 09:34:01","37.173.17.84","","Motion sur la Loi de Programmation de la Recherche (LPR)","Commission de la Recherche –Université Lumière Lyon 2","","","2020-11-16 00:00:00","Motion","","LPPR/LPR Loi de programmation de la recherche (2020)","","Réunie le 16 novembre 2020, la Commission recherche de l’Université Lyon 2 affirme son opposition à la Loi de Programmation de la Recherche (LPR) telle qu’elle va être proposée au vote de l’Assemblée nationale  suite  à  la  réunion  de  la  Commission  mixte  paritaire.  Ce  projet,  débattu  en  procédure accélérée à l’Assemblée Nationale et au Sénat, alors même que la crise sanitaire met la communauté en très grande difficulté dans l’exercice de ses activités de formation et de recherche, est mené à marche forcée et ne laisse pas la place et le temps nécessaires à un débat démocratique digne de ce nom.","Très défavorable","https://www.univ-lyon2.fr/medias/fichier/motion-lpr-cr-lyon-2-16112020_1605546219101-pdf"
"236","2020-11-18 14:50:17","1","fr","1710693095","2020-11-18 14:49:10","2020-11-18 14:50:17","2a01:e35:2fb8:7850:5d13:97e5:39de:5a1b","","Les organisations syndicales ne siégeront pas au CNESER","Intersyndicale","","","2020-11-18 00:00:00","Communiqué","","LPPR/LPR Loi de programmation de la recherche (2020)","","D'un commun accord, les organisations syndicales signataires ont décidé de ne pas siéger lors du CNESER plénier du mercredi 18 novembre 2020.

 

Elles dénoncent la méthode employée par le gouvernement pour faire passer en force le texte de la loi de programmation de la recherche, d'abord en y maintenant des éléments qui ont fait l'objet de larges contestations, telles les chaires de professeurs juniors, et ensuite en acceptant à la dernière minute et sans concertation des amendements qui attaquent les libertés universitaires, la liberté d'expression et la liberté syndicale et remettent en cause le rôle du Conseil National des Universités dans le processus de recrutement des enseignantes-chercheures.

 

La loi s'écarte de la question de la programmation budgétaire pour intégrer désormais des éléments qui déstabiliseront et fragiliseront durablement l'ESR, la démocratie universitaire et les statuts de ses personnels.

 

Les organisations syndicales signataires demandent l'ouverture de négociations pour une autre loi de programmation et un plan pour l'emploi scientifique titulaire construits avec l'ensemble des acteurs et actrices de l'ESR. ","Très défavorable","https://www.snesup.fr/article/les-organisations-syndicales-ne-siegeront-pas-au-cneser-communique-intersyndical-du-18-novembre-2020"
"237","2020-11-18 19:33:10","1","fr","958369564","2020-11-18 19:07:30","2020-11-18 19:33:10","2a01:e0a:b0:9b50:94f3:bf20:7d74:53c8","","Contre la LPR","7e section du CNU (Sciences du langage) ","","","2020-11-18 00:00:00","Motion","","LPPR/LPR Loi de programmation de la recherche (2020)","","La 7e section du CNU a voté à l’unanimité contre le projet de LPPR le 29 janvier 2020.
Considérant la remise en cause des fonctions assignées au CNU par l’article 3bis de la LPR, la 7e section suspend temporairement ses activités à compter du 17 novembre 2020.
","Très défavorable","https://www.conseil-national-des-universites.fr/cnu/#/entite/entiteName/CNU/idChild/32/idNode/3500-3505"
"238","2020-11-20 09:39:10","1","fr","1544367810","2020-11-20 09:37:01","2020-11-20 09:39:09","2a01:e35:2fb8:7850:bc99:1ca5:3528:bb6e","","« Loi de Programmation de la Recherche » : quand la démocratie n’est plus au programme","Étudiant·e·s du Master Audiovisuel, Journalisme et Communication Scientifiques","","Université de Paris","2020-11-16 00:00:00","Tribune","","LPPR/LPR Loi de programmation de la recherche (2020)","","Promulguer une loi aussi contraignante en pleine pandémie et entre deux confinements, il fallait oser ! Et bien le gouvernement français l’a fait. La ministre de l’Enseignement supérieur, de la Recherche et de l’Innovation Frédérique Vidal n’a pas hésité à profiter de la focalisation médiatique sur la crise sanitaire actuelle pour passer inaperçue et faire fi des contestations, notamment de ses collègues chercheurs. Alors que tout le pays s’adapte tant bien que mal à une situation inédite et rendant la mobilisation compliquée, il aurait été judicieux, respectueux et démocratique que Madame la Ministre repousse sa procédure. ","Très défavorable","https://loctopusjournal.fr/2020/11/16/loi-de-programmation-de-la-recherche-quand-la-democratie-nest-plus-au-programme/"
"239","2020-11-20 09:45:31","1","fr","892138260","2020-11-20 09:44:10","2020-11-20 09:45:31","2a01:e35:2fb8:7850:bc99:1ca5:3528:bb6e","","Alerte Loi de Programmation de la Recherche suite à la Commission Mixte Paritaire","Hélène ZANNIER, Députée de la Moselle","Frédérique VIDAL","Assemblée Nationale","2020-11-16 00:00:00","Lettre","","LPPR/LPR Loi de programmation de la recherche (2020)","","Bien qu’imparfait, le CNU devrait être réformé, mais non vidé de son sens. Madame la Ministre, je connais votre attachement à la défense des valeurs portées par le monde universitaire, c’est la raison pour laquelle je vous serai reconnaissante de bien vouloir réétudier ce dossier au nom de ces enseignants-chercheurs qui craignent une déconsidération et une perte de qualité de l’Enseignement supérieur français. ","Très défavorable","http://cpesr.fr/uploads/motions/2020.11.16-VidalLPPR.pdf"
"240","2020-11-20 09:47:15","1","fr","296202018","2020-11-20 09:45:55","2020-11-20 09:47:15","2a01:e35:2fb8:7850:bc99:1ca5:3528:bb6e","","Déclaration votée à l’unanimité","Conseil académique","","Université Rennes 2 ","2020-11-13 00:00:00","Motion","","LPPR/LPR Loi de programmation de la recherche (2020)","","Le Conseil académique de l’université Rennes 2, qui réunit des élu·e·s étudiant·e·s et des
personnels, affirme son accord total avec la lettre adressée à M. le Président de la
République par la Commission permanente du Conseil National des Universités, dont il
soutient pleinement la démarche. Il s’inquiète particulièrement des amendements adoptés
par la commission mixte paritaire du Parlement. Il demande l’abandon de la politique de
démantèlement systématique actuellement menée contre l’ESR, notamment manifestée par
le projet de loi sur la recherche. Le Conseil Académique de l’université Rennes 2 exige la
prise en compte des propositions émanant de la communauté universitaire et scientifique
sur les besoins et l’avenir de l’ESR publics","Très défavorable","https://intranet.univ-rennes2.fr/system/files/UHB/PRESIDENCE/Conseils-centraux/cac/2020/motion_cac_13_novembre.pdf"
"241","2020-11-20 09:51:12","1","fr","1620448207","2020-11-20 09:47:32","2020-11-20 09:51:12","2a01:e35:2fb8:7850:bc99:1ca5:3528:bb6e","","Menace pour l’Université française"," Pascal de Vareilles-Sommières","","gazette-du-palais.fr","2020-11-15 00:00:00","Tribune","","LPPR/LPR Loi de programmation de la recherche (2020)","","Il nous faut réagir frontalement, collectivement et immédiatement pour la défense de notre identité d’Université composant un service public œuvrant pour le bien commun","Très défavorable","https://www.gazette-du-palais.fr/actualites-professionnelles/menace-pour-luniversite-francaise/"
"242","2020-11-20 09:54:56","1","fr","615873559","2020-11-20 09:53:50","2020-11-20 09:54:56","2a01:e35:2fb8:7850:bc99:1ca5:3528:bb6e","","Demande d’interruption de la procédure accélérée relative à la Loi de programmation de la recherche pour les années 2021-2030 (LPR)","Bureau de la CP-CNU","","","2020-11-18 00:00:00","Communiqué","","LPPR/LPR Loi de programmation de la recherche (2020)","","Le bureau de la CP-CNU :
- s’indigne que des sujets aussi importants que le recrutement des enseignantschercheurs et, par voie de conséquence, la recherche et la formation universitaires,
relèvent d’un texte qui n’est pas à la hauteur des enjeux ;
- constate que Madame Frédérique Vidal, par son obstination et son refus de
concertation, porte l’entière responsabilité de la colère des universitaires ;
- demande aux sénatrices et aux sénateurs d’entendre le message que Madame
la Ministre refuse d’écouter ;
- demande l’intervention du Président de la République et du Premier ministre
pour interrompre la procédure accélérée et permettre ainsi le débat.","Très défavorable","https://f-origin.hypotheses.org/wp-content/blogs.dir/793/files/2020/11/CPCNU_Communique%CC%81_18novembre20.pdf"
"243","2020-11-20 09:57:41","1","fr","937483540","2020-11-20 09:56:09","2020-11-20 09:57:41","2a01:e35:2fb8:7850:bc99:1ca5:3528:bb6e","","Opposition de Madame la ministre de l’enseignement supérieur et de la recherche au retrait de l’article 3 bis du projet de Loi sur la Recherche et conséquences sur les carrières des enseignants-chercheurs","Groupe 1 du CNU","","","2020-11-18 00:00:00","Communiqué","","LPPR/LPR Loi de programmation de la recherche (2020)","","En dépit de l’invitation qui lui a été faite d’engager une vaste concertation sur les recrutements des enseignants-chercheurs, madame Frédérique Vidal a préféré présenter sans modification l’article 3bis du projet de LPR devant l’Assemblée nationale ce mardi 17 novembre 2020.

Le groupe 1 :

- prend acte du rejet par la Ministre des propositions formulées par les sections 01 à 04 du CNU le lundi 16 novembre 2020 ;

- refuse que des sujets aussi importants que le recrutement des enseignants-chercheurs et, par voie de conséquence, celui de la recherche et de la formation universitaires relèvent d’un texte illisible voté sans réflexion et sans concertation ;

- estime que madame Frédérique Vidal, par son obstination, porte l’entière responsabilité de la colère des universitaires suscitée par un texte dont la méthode et le contenu ne peuvent qu’appeler de l’indignation ;

- demande à chaque Président d’Université d’exprimer publiquement sa position sur les conséquences de l’article 3 bis sur les carrières des enseignants chercheurs ;

- demande aux sénateurs d’entendre le message que madame la ministre refuse d’écouter ;

- demande l’intervention du Président de la République et du Premier ministre.","Très défavorable","https://academia.hypotheses.org/28721"
"244","2020-11-20 09:59:50","1","fr","171049393","2020-11-20 09:58:03","2020-11-20 09:59:50","2a01:e35:2fb8:7850:bc99:1ca5:3528:bb6e","","Les biologistes du CNU se positionnent ","Section 67 du CNU","","","2020-11-17 00:00:00","Motion","","LPPR/LPR Loi de programmation de la recherche (2020)","","Nous demandons à nos collègues titulaires, membres des futurs comités de sélection de résister par tous les moyens à la mise en œuvre de la loi en exigeant dans les jurys de recrutement que seuls les candidats qualifiés puissent être auditionnés.

","Très défavorable","https://academia.hypotheses.org/28715"
"245","2020-11-20 10:02:51","1","fr","878968978","2020-11-20 10:00:35","2020-11-20 10:02:51","2a01:e35:2fb8:7850:bc99:1ca5:3528:bb6e","","Les directions de 800 laboratoires (re)prennent position contre la LPR","Assemblée des directions de laboratoire (ADL)","","","2020-11-16 00:00:00","Communiqué","","LPPR/LPR Loi de programmation de la recherche (2020)","","Cette loi a ainsi été élaborée en contrevenant au Code de la recherche qui prévoit que ""les choix
en matière de programmation et d’orientation des actions de recherche sont arrêtés après une
concertation étroite avec la communauté scientifique"" (article L111-6). 
","Très défavorable","https://ia601504.us.archive.org/12/items/les-directions-de-laboratoires-contre-la-lpr/Les%20directions%20de%20laboratoires%20contre%20la%20LPR.pdf"
"246","2020-11-20 10:21:21","1","fr","310160035","2020-11-20 10:19:14","2020-11-20 10:21:21","2a01:e35:2fb8:7850:bc99:1ca5:3528:bb6e","","Vote concernant les parcours des B.U.T. et l’offre de formation LP","Conseil d’institut","","IUT de Rouen","2020-11-19 00:00:00","Communiqué","","DUT/BUT Bachelor universitaire de technologie","","Dorénavant, si on ne nous donne pas les moyens nécessaires à accomplir notre mission
d’administrateur comme la diffusion de documents et d’informations en toute transparence dans des
délais raisonnables, nous procéderons à un blocage administratif systématique. Nous ne pouvons pas,
dans les conditions actuelles, continuer à travailler dans l’urgence et dans l’inconnu. ","Plutôt défavorable","http://cpesr.fr/uploads/motions/communiqu%c3%a9%20sur%20le%20vote%20des%20parcours%20BUT%20IUT%20de%20Rouen.pdf"
"247","","","fr","32114832","2020-11-20 11:18:17","2020-11-20 11:18:17","176.131.203.212","","","","","","","","","","","","",""
"248","2020-11-20 16:04:36","1","fr","259680064","2020-11-20 16:00:24","2020-11-20 16:04:36","2a01:e35:2fb8:7850:bc99:1ca5:3528:bb6e","","Projet de loi de programmation de la recherche","Conseil d'administration","","Université de Poitiers","2020-11-20 00:00:00","Motion","","LPPR/LPR Loi de programmation de la recherche (2020)","","Le conseil d'administration de l'Université de Poitiers appelle la communauté scientifique nationale à refuser d'honorer les différentes responsabilités et missions d'expertises nationales auprès de l'ANR, du HCERES, des sections du CNU et des organismes nationaux de recherche (CNRS, INSERM, etc.).","Très défavorable","https://twitter.com/UnivPoitiers/status/1329776841033469965"

